broadband_robust_z,classification,confidence,confidence_score,frame_30fps,kick_ratio,low_band_robust_z,snare_band_robust_z,snare_ratio,source,time_ms
2.923,kick,medium,0.628,96,0.607,1.815,1.175,0.393,MIXED_MASTER_ONLY,3190
3.844,uncertain,low,0.574,864,0.483,1.947,2.086,0.517,MIXED_MASTER_ONLY,28800
2.602,snare,medium,0.786,958,0.295,1.053,2.514,0.705,MIXED_MASTER_ONLY,31940
3.194,snare,high,0.95,963,0.148,0.806,4.635,0.852,MIXED_MASTER_ONLY,32100
3.401,snare,high,0.95,977,0.0,-1.511,3.902,1.0,MIXED_MASTER_ONLY,32580
2.466,snare,medium,0.95,1073,0.0,-0.277,2.015,1.0,MIXED_MASTER_ONLY,35760
4.035,snare,high,0.95,1152,0.183,1.107,4.93,0.817,MIXED_MASTER_ONLY,38390
6.898,snare,high,0.95,1211,0.207,1.921,7.359,0.793,MIXED_MASTER_ONLY,40380
7.346,snare,high,0.95,1223,0.066,0.487,6.853,0.934,MIXED_MASTER_ONLY,40780
5.213,snare,high,0.95,1229,0.277,1.817,4.739,0.723,MIXED_MASTER_ONLY,40980
3.119,snare,medium,0.66,1240,0.413,1.631,2.318,0.587,MIXED_MASTER_ONLY,41330
6.626,snare,high,0.95,1247,0.223,2.136,7.459,0.777,MIXED_MASTER_ONLY,41580
6.849,snare,high,0.95,1259,0.269,2.461,6.7,0.731,MIXED_MASTER_ONLY,41980
2.709,snare,high,0.91,1265,0.242,1.049,3.282,0.758,MIXED_MASTER_ONLY,42180
7.843,snare,high,0.95,1271,0.045,0.319,6.804,0.955,MIXED_MASTER_ONLY,42380
6.742,snare,high,0.95,1289,0.272,2.335,6.237,0.728,MIXED_MASTER_ONLY,42980
7.185,snare,high,0.95,1307,0.235,2.259,7.364,0.765,MIXED_MASTER_ONLY,43580
7.636,snare,high,0.95,1319,0.124,0.949,6.713,0.876,MIXED_MASTER_ONLY,43980
3.334,snare,medium,0.922,1328,0.193,0.706,2.953,0.807,MIXED_MASTER_ONLY,44280
6.597,snare,high,0.95,1343,0.256,2.314,6.738,0.744,MIXED_MASTER_ONLY,44780
2.925,snare,high,0.95,1351,0.0,-0.129,4.933,1.0,MIXED_MASTER_ONLY,45020
6.507,snare,high,0.95,1355,0.266,2.302,6.344,0.734,MIXED_MASTER_ONLY,45180
7.286,snare,high,0.95,1367,0.063,0.41,6.135,0.937,MIXED_MASTER_ONLY,45580
6.99,snare,high,0.95,1385,0.267,2.539,6.983,0.733,MIXED_MASTER_ONLY,46180
7.584,snare,high,0.95,1403,0.244,2.513,7.766,0.756,MIXED_MASTER_ONLY,46780
8.085,snare,high,0.95,1415,0.139,1.082,6.68,0.861,MIXED_MASTER_ONLY,47180
3.132,snare,high,0.95,1422,0.034,0.162,4.652,0.966,MIXED_MASTER_ONLY,47410
6.587,snare,high,0.95,1439,0.236,2.15,6.975,0.764,MIXED_MASTER_ONLY,47980
6.789,snare,high,0.95,1451,0.259,2.317,6.631,0.741,MIXED_MASTER_ONLY,48380
7.489,snare,high,0.95,1463,0.108,0.794,6.553,0.892,MIXED_MASTER_ONLY,48780
7.035,snare,high,0.95,1481,0.269,2.527,6.884,0.731,MIXED_MASTER_ONLY,49380
7.816,snare,high,0.95,1499,0.233,2.47,8.132,0.767,MIXED_MASTER_ONLY,49980
8.024,snare,high,0.95,1511,0.153,1.3,7.176,0.847,MIXED_MASTER_ONLY,50380
2.848,snare,medium,0.924,1528,0.172,0.582,2.796,0.828,MIXED_MASTER_ONLY,50940
7.161,snare,high,0.95,1535,0.255,2.462,7.187,0.745,MIXED_MASTER_ONLY,51180
6.879,snare,high,0.95,1547,0.265,2.401,6.653,0.735,MIXED_MASTER_ONLY,51580
7.558,snare,high,0.95,1559,0.053,0.342,6.068,0.947,MIXED_MASTER_ONLY,51980
6.529,snare,high,0.95,1577,0.245,2.157,6.656,0.755,MIXED_MASTER_ONLY,52580
7.592,snare,high,0.95,1595,0.208,2.163,8.238,0.792,MIXED_MASTER_ONLY,53180
7.114,snare,high,0.95,1607,0.072,0.485,6.23,0.928,MIXED_MASTER_ONLY,53580
4.683,snare,high,0.95,1613,0.23,1.345,4.492,0.77,MIXED_MASTER_ONLY,53780
7.183,snare,high,0.95,1631,0.233,2.358,7.771,0.767,MIXED_MASTER_ONLY,54380
2.646,snare,high,0.924,1636,0.248,1.141,3.465,0.752,MIXED_MASTER_ONLY,54530
6.74,snare,high,0.95,1643,0.266,2.35,6.492,0.734,MIXED_MASTER_ONLY,54780
7.471,snare,high,0.95,1655,0.153,1.115,6.152,0.847,MIXED_MASTER_ONLY,55180
6.401,snare,high,0.95,1673,0.304,2.472,5.666,0.696,MIXED_MASTER_ONLY,55780
7.739,snare,high,0.95,1691,0.24,2.524,7.974,0.76,MIXED_MASTER_ONLY,56380
8.445,snare,high,0.95,1703,0.137,1.17,7.388,0.863,MIXED_MASTER_ONLY,56780
3.172,snare,medium,0.74,1712,0.335,1.215,2.412,0.665,MIXED_MASTER_ONLY,57080
6.65,snare,high,0.95,1727,0.252,2.297,6.826,0.748,MIXED_MASTER_ONLY,57580
2.754,snare,high,0.95,1735,0.0,-0.459,4.67,1.0,MIXED_MASTER_ONLY,57840
6.52,snare,high,0.95,1739,0.271,2.332,6.266,0.729,MIXED_MASTER_ONLY,57980
7.68,snare,high,0.95,1751,0.142,1.063,6.424,0.858,MIXED_MASTER_ONLY,58380
6.169,snare,high,0.95,1769,0.285,2.344,5.876,0.715,MIXED_MASTER_ONLY,58980
7.333,snare,high,0.95,1787,0.246,2.419,7.427,0.754,MIXED_MASTER_ONLY,59580
7.854,snare,high,0.95,1799,0.14,1.078,6.607,0.86,MIXED_MASTER_ONLY,59980
2.515,snare,medium,0.877,1817,0.122,0.26,1.867,0.878,MIXED_MASTER_ONLY,60580
7.045,snare,high,0.95,1823,0.243,2.312,7.213,0.757,MIXED_MASTER_ONLY,60780
6.417,snare,high,0.95,1835,0.284,2.365,5.97,0.716,MIXED_MASTER_ONLY,61180
7.738,snare,high,0.95,1847,0.093,0.703,6.847,0.907,MIXED_MASTER_ONLY,61580
6.687,snare,high,0.95,1865,0.293,2.534,6.109,0.707,MIXED_MASTER_ONLY,62180
7.876,snare,high,0.95,1883,0.244,2.56,7.95,0.756,MIXED_MASTER_ONLY,62780
8.205,snare,high,0.95,1895,0.138,1.185,7.403,0.862,MIXED_MASTER_ONLY,63180
7.054,snare,high,0.95,1919,0.253,2.466,7.294,0.747,MIXED_MASTER_ONLY,63980
3.2,snare,high,0.95,1923,0.226,1.19,4.084,0.774,MIXED_MASTER_ONLY,64110
2.894,uncertain,low,0.549,1987,0.458,1.364,1.611,0.542,MIXED_MASTER_ONLY,66230
6.52,snare,high,0.95,2015,0.25,2.224,6.68,0.75,MIXED_MASTER_ONLY,67180
6.797,snare,high,0.95,2075,0.21,1.916,7.189,0.79,MIXED_MASTER_ONLY,69180
8.164,snare,high,0.95,2087,0.114,0.94,7.272,0.886,MIXED_MASTER_ONLY,69580
5.851,snare,high,0.95,2093,0.181,1.256,5.693,0.819,MIXED_MASTER_ONLY,69780
7.3,snare,high,0.95,2111,0.193,1.987,8.296,0.807,MIXED_MASTER_ONLY,70380
5.627,snare,high,0.95,2123,0.253,1.979,5.849,0.747,MIXED_MASTER_ONLY,70780
7.368,snare,high,0.95,2135,0.121,0.936,6.78,0.879,MIXED_MASTER_ONLY,71180
6.933,snare,high,0.95,2153,0.247,2.402,7.338,0.753,MIXED_MASTER_ONLY,71780
7.597,snare,high,0.95,2171,0.247,2.481,7.564,0.753,MIXED_MASTER_ONLY,72380
8.549,snare,high,0.95,2183,0.141,1.22,7.449,0.859,MIXED_MASTER_ONLY,72780
7.297,snare,high,0.95,2207,0.23,2.299,7.706,0.77,MIXED_MASTER_ONLY,73580
6.525,snare,high,0.95,2219,0.232,2.083,6.878,0.768,MIXED_MASTER_ONLY,73980
7.209,snare,high,0.95,2231,0.082,0.564,6.348,0.918,MIXED_MASTER_ONLY,74380
2.484,snare,medium,0.872,2244,0.173,0.478,2.278,0.827,MIXED_MASTER_ONLY,74790
6.875,snare,high,0.95,2249,0.294,2.572,6.188,0.706,MIXED_MASTER_ONLY,74980
6.919,snare,high,0.95,2267,0.254,2.381,6.986,0.746,MIXED_MASTER_ONLY,75580
7.993,snare,high,0.95,2279,0.112,0.865,6.855,0.888,MIXED_MASTER_ONLY,75980
2.644,snare,high,0.95,2297,0.0,-0.646,3.512,1.0,MIXED_MASTER_ONLY,76580
7.437,snare,high,0.95,2303,0.236,2.433,7.873,0.764,MIXED_MASTER_ONLY,76780
7.657,snare,high,0.95,2315,0.223,2.319,8.089,0.777,MIXED_MASTER_ONLY,77180
8.349,snare,high,0.95,2327,0.121,0.995,7.253,0.879,MIXED_MASTER_ONLY,77580
7.719,snare,high,0.95,2345,0.246,2.565,7.88,0.754,MIXED_MASTER_ONLY,78180
7.98,snare,high,0.95,2363,0.237,2.549,8.227,0.763,MIXED_MASTER_ONLY,78780
8.368,snare,high,0.95,2375,0.13,1.112,7.467,0.87,MIXED_MASTER_ONLY,79180
7.153,snare,high,0.95,2399,0.232,2.233,7.378,0.768,MIXED_MASTER_ONLY,79980
7.124,snare,high,0.95,2411,0.243,2.315,7.2,0.757,MIXED_MASTER_ONLY,80380
7.561,snare,high,0.95,2423,0.144,1.078,6.431,0.856,MIXED_MASTER_ONLY,80780
6.634,snare,high,0.95,2441,0.263,2.332,6.518,0.737,MIXED_MASTER_ONLY,81380
7.228,snare,high,0.95,2459,0.268,2.515,6.886,0.732,MIXED_MASTER_ONLY,81980
8.54,snare,high,0.95,2471,0.113,1.022,8.05,0.887,MIXED_MASTER_ONLY,82380
7.546,snare,high,0.95,2495,0.227,2.444,8.298,0.773,MIXED_MASTER_ONLY,83180
7.017,snare,high,0.95,2507,0.243,2.351,7.33,0.757,MIXED_MASTER_ONLY,83580
7.861,snare,high,0.95,2519,0.114,0.955,7.452,0.886,MIXED_MASTER_ONLY,83980
6.622,snare,high,0.95,2537,0.236,2.24,7.27,0.764,MIXED_MASTER_ONLY,84580
7.702,snare,high,0.95,2555,0.234,2.394,7.818,0.766,MIXED_MASTER_ONLY,85180
8.265,snare,high,0.95,2567,0.139,1.213,7.502,0.861,MIXED_MASTER_ONLY,85580
2.502,snare,medium,0.674,2580,0.375,1.27,2.117,0.625,MIXED_MASTER_ONLY,85990
7.394,snare,high,0.95,2591,0.236,2.43,7.865,0.764,MIXED_MASTER_ONLY,86380
6.67,snare,high,0.95,2603,0.247,2.251,6.853,0.753,MIXED_MASTER_ONLY,86780
7.549,snare,high,0.95,2615,0.073,0.539,6.858,0.927,MIXED_MASTER_ONLY,87180
6.936,snare,high,0.95,2633,0.272,2.496,6.665,0.728,MIXED_MASTER_ONLY,87780
7.34,snare,high,0.95,2651,0.219,2.223,7.926,0.781,MIXED_MASTER_ONLY,88380
8.405,snare,high,0.95,2663,0.142,1.233,7.459,0.858,MIXED_MASTER_ONLY,88780
8.303,snare,high,0.95,2783,0.24,2.652,8.376,0.76,MIXED_MASTER_ONLY,92780
7.315,snare,high,0.95,2795,0.231,2.278,7.596,0.769,MIXED_MASTER_ONLY,93180
8.131,snare,high,0.95,2807,0.149,1.279,7.279,0.851,MIXED_MASTER_ONLY,93580
7.068,snare,high,0.95,2825,0.23,2.248,7.54,0.77,MIXED_MASTER_ONLY,94180
7.282,snare,high,0.95,2843,0.253,2.508,7.415,0.747,MIXED_MASTER_ONLY,94780
8.284,snare,high,0.95,2855,0.068,0.533,7.253,0.932,MIXED_MASTER_ONLY,95180
6.913,snare,high,0.95,2879,0.259,2.454,7.03,0.741,MIXED_MASTER_ONLY,95980
7.379,snare,high,0.95,2891,0.253,2.467,7.303,0.747,MIXED_MASTER_ONLY,96380
8.202,snare,high,0.95,2903,0.15,1.253,7.092,0.85,MIXED_MASTER_ONLY,96780
6.988,snare,high,0.95,2921,0.262,2.562,7.22,0.738,MIXED_MASTER_ONLY,97380
7.138,snare,high,0.95,2939,0.228,2.299,7.8,0.772,MIXED_MASTER_ONLY,97980
8.151,snare,high,0.95,2951,0.111,0.966,7.758,0.889,MIXED_MASTER_ONLY,98380
7.748,snare,high,0.95,2975,0.233,2.43,8.014,0.767,MIXED_MASTER_ONLY,99180
6.438,snare,high,0.95,2987,0.261,2.272,6.428,0.739,MIXED_MASTER_ONLY,99580
7.965,snare,high,0.95,2999,0.132,1.081,7.086,0.868,MIXED_MASTER_ONLY,99980
7.327,snare,high,0.95,3017,0.258,2.505,7.196,0.742,MIXED_MASTER_ONLY,100580
7.438,snare,high,0.95,3035,0.226,2.23,7.642,0.774,MIXED_MASTER_ONLY,101180
8.038,snare,high,0.95,3047,0.118,0.976,7.278,0.882,MIXED_MASTER_ONLY,101580
6.46,snare,high,0.95,3071,0.229,2.034,6.841,0.771,MIXED_MASTER_ONLY,102380
7.255,snare,high,0.95,3083,0.263,2.519,7.056,0.737,MIXED_MASTER_ONLY,102780
7.864,snare,high,0.95,3095,0.055,0.391,6.667,0.945,MIXED_MASTER_ONLY,103180
6.708,snare,high,0.95,3113,0.27,2.514,6.784,0.73,MIXED_MASTER_ONLY,103780
6.921,snare,high,0.95,3131,0.198,1.971,7.988,0.802,MIXED_MASTER_ONLY,104380
8.046,snare,high,0.95,3143,0.07,0.56,7.496,0.93,MIXED_MASTER_ONLY,104780
4.946,snare,high,0.95,3149,0.086,0.532,5.653,0.914,MIXED_MASTER_ONLY,104980
6.634,snare,high,0.95,3167,0.216,2.039,7.387,0.784,MIXED_MASTER_ONLY,105580
7.287,snare,high,0.95,3179,0.236,2.366,7.66,0.764,MIXED_MASTER_ONLY,105980
8.243,snare,high,0.95,3191,0.137,1.132,7.156,0.863,MIXED_MASTER_ONLY,106380
6.666,snare,high,0.95,3209,0.242,2.264,7.091,0.758,MIXED_MASTER_ONLY,106980
7.125,snare,high,0.95,3227,0.251,2.502,7.484,0.749,MIXED_MASTER_ONLY,107580
8.484,snare,high,0.95,3239,0.127,1.136,7.793,0.873,MIXED_MASTER_ONLY,107980
6.533,snare,high,0.95,3263,0.222,2.04,7.131,0.778,MIXED_MASTER_ONLY,108780
7.292,snare,high,0.95,3275,0.265,2.587,7.181,0.735,MIXED_MASTER_ONLY,109180
7.984,snare,high,0.95,3287,0.137,1.066,6.712,0.863,MIXED_MASTER_ONLY,109580
6.591,snare,high,0.95,3305,0.245,2.29,7.074,0.755,MIXED_MASTER_ONLY,110180
7.204,snare,high,0.95,3323,0.231,2.259,7.512,0.769,MIXED_MASTER_ONLY,110780
8.016,snare,high,0.95,3335,0.124,1.032,7.314,0.876,MIXED_MASTER_ONLY,111180
6.936,snare,high,0.95,3359,0.236,2.247,7.29,0.764,MIXED_MASTER_ONLY,111980
6.426,snare,high,0.95,3371,0.213,1.869,6.922,0.787,MIXED_MASTER_ONLY,112380
7.8,snare,high,0.95,3383,0.077,0.621,7.409,0.923,MIXED_MASTER_ONLY,112780
7.177,snare,high,0.95,3401,0.257,2.508,7.267,0.743,MIXED_MASTER_ONLY,113380
7.545,snare,high,0.95,3419,0.244,2.479,7.682,0.756,MIXED_MASTER_ONLY,113980
8.213,snare,high,0.95,3431,0.139,1.197,7.412,0.861,MIXED_MASTER_ONLY,114380
6.362,snare,high,0.95,3455,0.243,2.189,6.835,0.757,MIXED_MASTER_ONLY,115180
6.658,snare,high,0.95,3467,0.27,2.405,6.51,0.73,MIXED_MASTER_ONLY,115580
7.693,snare,high,0.95,3479,0.055,0.37,6.311,0.945,MIXED_MASTER_ONLY,115980
6.82,snare,high,0.95,3497,0.253,2.408,7.093,0.747,MIXED_MASTER_ONLY,116580
7.629,snare,high,0.95,3515,0.193,2.009,8.377,0.807,MIXED_MASTER_ONLY,117180
8.071,snare,high,0.95,3527,0.104,0.869,7.495,0.896,MIXED_MASTER_ONLY,117580
4.779,snare,high,0.95,3533,0.261,1.611,4.561,0.739,MIXED_MASTER_ONLY,117780
7.479,snare,high,0.95,3551,0.233,2.39,7.864,0.767,MIXED_MASTER_ONLY,118380
6.966,snare,high,0.95,3563,0.247,2.388,7.278,0.753,MIXED_MASTER_ONLY,118780
8.078,snare,high,0.95,3575,0.113,0.879,6.929,0.887,MIXED_MASTER_ONLY,119180
6.414,snare,high,0.95,3593,0.271,2.315,6.228,0.729,MIXED_MASTER_ONLY,119780
7.179,snare,high,0.95,3611,0.237,2.308,7.444,0.763,MIXED_MASTER_ONLY,120380
8.131,snare,high,0.95,3623,0.026,0.199,7.369,0.974,MIXED_MASTER_ONLY,120780
6.925,snare,high,0.95,3647,0.256,2.445,7.099,0.744,MIXED_MASTER_ONLY,121580
6.591,snare,high,0.95,3659,0.252,2.236,6.654,0.748,MIXED_MASTER_ONLY,121980
8.142,snare,high,0.95,3671,0.09,0.701,7.109,0.91,MIXED_MASTER_ONLY,122380
6.44,snare,high,0.95,3689,0.266,2.394,6.6,0.734,MIXED_MASTER_ONLY,122980
6.816,snare,high,0.95,3707,0.259,2.391,6.825,0.741,MIXED_MASTER_ONLY,123580
8.056,snare,high,0.95,3719,0.09,0.737,7.412,0.91,MIXED_MASTER_ONLY,123980
7.314,snare,high,0.95,3743,0.225,2.279,7.868,0.775,MIXED_MASTER_ONLY,124780
7.618,snare,high,0.95,3755,0.243,2.513,7.844,0.757,MIXED_MASTER_ONLY,125180
7.718,snare,high,0.95,3767,0.118,0.957,7.17,0.882,MIXED_MASTER_ONLY,125580
6.625,snare,high,0.95,3785,0.302,2.565,5.918,0.698,MIXED_MASTER_ONLY,126180
6.456,snare,high,0.95,3803,0.267,2.455,6.746,0.733,MIXED_MASTER_ONLY,126780
7.994,snare,high,0.95,3815,0.018,0.132,7.139,0.982,MIXED_MASTER_ONLY,127180
7.203,snare,high,0.95,3839,0.251,2.505,7.477,0.749,MIXED_MASTER_ONLY,127980
6.34,snare,high,0.95,3851,0.24,2.153,6.812,0.76,MIXED_MASTER_ONLY,128380
7.973,snare,high,0.95,3863,0.046,0.349,7.276,0.954,MIXED_MASTER_ONLY,128780
5.907,snare,high,0.95,3881,0.274,2.331,6.168,0.726,MIXED_MASTER_ONLY,129380
6.672,snare,high,0.95,3899,0.282,2.487,6.348,0.718,MIXED_MASTER_ONLY,129980
8.083,snare,high,0.95,3911,0.134,1.076,6.926,0.866,MIXED_MASTER_ONLY,130380
2.451,snare,high,0.95,3917,0.137,0.559,3.517,0.863,MIXED_MASTER_ONLY,130580
3.107,snare,high,0.95,3925,0.0,-0.505,3.348,1.0,MIXED_MASTER_ONLY,130830
7.265,snare,high,0.95,3935,0.256,2.466,7.164,0.744,MIXED_MASTER_ONLY,131180
7.294,snare,high,0.95,3947,0.241,2.345,7.378,0.759,MIXED_MASTER_ONLY,131580
7.932,snare,high,0.95,3959,0.062,0.461,6.967,0.938,MIXED_MASTER_ONLY,131980
6.998,snare,high,0.95,3977,0.237,2.245,7.239,0.763,MIXED_MASTER_ONLY,132580
2.835,snare,high,0.901,3984,0.23,0.92,3.083,0.77,MIXED_MASTER_ONLY,132790
6.68,snare,high,0.95,3995,0.231,2.117,7.059,0.769,MIXED_MASTER_ONLY,133180
8.186,snare,high,0.95,4007,0.118,0.928,6.926,0.882,MIXED_MASTER_ONLY,133580
2.608,snare,medium,0.697,4026,0.388,1.563,2.465,0.612,MIXED_MASTER_ONLY,134210
6.762,snare,high,0.95,4031,0.247,2.397,7.296,0.753,MIXED_MASTER_ONLY,134380
6.693,snare,high,0.95,4043,0.23,2.178,7.287,0.77,MIXED_MASTER_ONLY,134780
8.273,snare,high,0.95,4055,0.122,1.042,7.504,0.878,MIXED_MASTER_ONLY,135180
6.46,snare,high,0.95,4073,0.259,2.438,6.992,0.741,MIXED_MASTER_ONLY,135780
2.563,snare,high,0.95,4079,0.0,-0.213,3.057,1.0,MIXED_MASTER_ONLY,135980
7.741,snare,high,0.95,4091,0.238,2.454,7.864,0.762,MIXED_MASTER_ONLY,136380
7.982,snare,high,0.95,4103,0.152,1.198,6.707,0.848,MIXED_MASTER_ONLY,136780
7.413,snare,high,0.95,4127,0.221,2.285,8.079,0.779,MIXED_MASTER_ONLY,137580
7.369,snare,high,0.95,4139,0.235,2.388,7.762,0.765,MIXED_MASTER_ONLY,137980
7.852,snare,high,0.95,4151,0.106,0.856,7.191,0.894,MIXED_MASTER_ONLY,138380
6.848,snare,high,0.95,4169,0.289,2.585,6.344,0.711,MIXED_MASTER_ONLY,138980
7.22,snare,high,0.95,4187,0.222,2.205,7.721,0.778,MIXED_MASTER_ONLY,139580
8.043,snare,high,0.95,4199,0.068,0.511,7.023,0.932,MIXED_MASTER_ONLY,139980
6.949,snare,high,0.95,4223,0.254,2.435,7.144,0.746,MIXED_MASTER_ONLY,140780
6.638,snare,high,0.95,4235,0.246,2.22,6.822,0.754,MIXED_MASTER_ONLY,141180
8.383,snare,high,0.95,4247,0.117,1.032,7.781,0.883,MIXED_MASTER_ONLY,141580
6.671,snare,high,0.95,4265,0.277,2.462,6.418,0.723,MIXED_MASTER_ONLY,142180
7.285,snare,high,0.95,4283,0.26,2.472,7.024,0.74,MIXED_MASTER_ONLY,142780
7.904,snare,high,0.95,4295,0.101,0.789,7.004,0.899,MIXED_MASTER_ONLY,143180
4.192,snare,high,0.95,4307,0.117,0.582,4.401,0.883,MIXED_MASTER_ONLY,143580
6.905,snare,high,0.95,4319,0.232,2.207,7.287,0.768,MIXED_MASTER_ONLY,143980
6.995,snare,high,0.95,4331,0.27,2.509,6.788,0.73,MIXED_MASTER_ONLY,144380
7.866,snare,high,0.95,4343,0.152,1.285,7.176,0.848,MIXED_MASTER_ONLY,144780
6.863,snare,high,0.95,4361,0.28,2.571,6.621,0.72,MIXED_MASTER_ONLY,145380
7.8,snare,high,0.95,4379,0.235,2.509,8.151,0.765,MIXED_MASTER_ONLY,145980
8.579,snare,high,0.95,4391,0.133,1.233,8.018,0.867,MIXED_MASTER_ONLY,146380
2.636,uncertain,low,0.539,4410,0.486,1.664,1.76,0.514,MIXED_MASTER_ONLY,146990
6.981,snare,high,0.95,4415,0.24,2.285,7.241,0.76,MIXED_MASTER_ONLY,147180
7.315,snare,high,0.95,4427,0.256,2.614,7.606,0.744,MIXED_MASTER_ONLY,147580
7.948,snare,high,0.95,4439,0.148,1.209,6.983,0.852,MIXED_MASTER_ONLY,147980
7.073,snare,high,0.95,4457,0.201,1.907,7.603,0.799,MIXED_MASTER_ONLY,148580
7.731,snare,high,0.95,4475,0.252,2.623,7.781,0.748,MIXED_MASTER_ONLY,149180
8.435,snare,high,0.95,4487,0.12,1.048,7.678,0.88,MIXED_MASTER_ONLY,149580
7.295,snare,high,0.95,4511,0.221,2.172,7.67,0.779,MIXED_MASTER_ONLY,150380
3.384,snare,high,0.95,4517,0.0,-1.068,3.087,1.0,MIXED_MASTER_ONLY,150570
7.126,snare,high,0.95,4523,0.266,2.534,6.977,0.734,MIXED_MASTER_ONLY,150780
7.557,snare,high,0.95,4535,0.135,1.06,6.798,0.865,MIXED_MASTER_ONLY,151180
6.906,snare,high,0.95,4553,0.278,2.546,6.626,0.722,MIXED_MASTER_ONLY,151780
7.639,snare,high,0.95,4571,0.247,2.513,7.667,0.753,MIXED_MASTER_ONLY,152380
7.648,snare,high,0.95,4583,0.147,1.149,6.681,0.853,MIXED_MASTER_ONLY,152780
7.461,snare,high,0.95,4607,0.249,2.434,7.361,0.751,MIXED_MASTER_ONLY,153580
7.155,snare,high,0.95,4619,0.277,2.602,6.804,0.723,MIXED_MASTER_ONLY,153980
8.184,snare,high,0.95,4631,0.242,2.219,6.942,0.758,MIXED_MASTER_ONLY,154380
7.135,snare,high,0.95,4643,0.28,2.561,6.595,0.72,MIXED_MASTER_ONLY,154780
6.411,snare,high,0.95,4649,0.265,2.297,6.364,0.735,MIXED_MASTER_ONLY,154980
4.457,snare,high,0.95,4656,0.252,1.339,3.975,0.748,MIXED_MASTER_ONLY,155190
2.868,snare,high,0.95,4662,0.0,-0.145,3.53,1.0,MIXED_MASTER_ONLY,155390
7.018,snare,high,0.95,4667,0.236,2.258,7.315,0.764,MIXED_MASTER_ONLY,155580
8.679,snare,high,0.95,4679,0.164,1.596,8.143,0.836,MIXED_MASTER_ONLY,155980
3.811,snare,high,0.95,4685,0.065,0.281,4.047,0.935,MIXED_MASTER_ONLY,156180
7.428,snare,high,0.95,4703,0.244,2.44,7.563,0.756,MIXED_MASTER_ONLY,156780
6.506,snare,high,0.95,4715,0.269,2.381,6.47,0.731,MIXED_MASTER_ONLY,157180
7.919,snare,high,0.95,4727,0.128,1.042,7.071,0.872,MIXED_MASTER_ONLY,157580
6.995,snare,high,0.95,4745,0.265,2.461,6.807,0.735,MIXED_MASTER_ONLY,158180
7.629,snare,high,0.95,4763,0.244,2.528,7.833,0.756,MIXED_MASTER_ONLY,158780
8.498,snare,high,0.95,4775,0.118,1.064,7.96,0.882,MIXED_MASTER_ONLY,159180
2.688,snare,high,0.906,4793,0.218,0.843,3.023,0.782,MIXED_MASTER_ONLY,159780
7.141,snare,high,0.95,4799,0.238,2.289,7.326,0.762,MIXED_MASTER_ONLY,159980
7.096,snare,high,0.95,4811,0.274,2.59,6.879,0.726,MIXED_MASTER_ONLY,160380
7.99,snare,high,0.95,4823,0.054,0.412,7.219,0.946,MIXED_MASTER_ONLY,160780
7.422,snare,high,0.95,4841,0.21,2.138,8.033,0.79,MIXED_MASTER_ONLY,161380
7.783,snare,high,0.95,4859,0.251,2.623,7.811,0.749,MIXED_MASTER_ONLY,161980
8.517,snare,high,0.95,4871,0.147,1.314,7.63,0.853,MIXED_MASTER_ONLY,162380
7.145,snare,high,0.95,4895,0.245,2.452,7.564,0.755,MIXED_MASTER_ONLY,163180
3.427,snare,high,0.95,4901,0.067,0.249,3.448,0.933,MIXED_MASTER_ONLY,163380
6.925,snare,high,0.95,4907,0.273,2.501,6.667,0.727,MIXED_MASTER_ONLY,163580
7.987,snare,high,0.95,4919,0.13,1.176,7.855,0.87,MIXED_MASTER_ONLY,163980
6.926,snare,high,0.95,4937,0.277,2.535,6.617,0.723,MIXED_MASTER_ONLY,164580
7.512,snare,high,0.95,4955,0.214,2.27,8.323,0.786,MIXED_MASTER_ONLY,165180
8.31,snare,high,0.95,4967,0.17,1.451,7.092,0.83,MIXED_MASTER_ONLY,165580
7.379,snare,high,0.95,4991,0.241,2.436,7.681,0.759,MIXED_MASTER_ONLY,166380
6.952,snare,high,0.95,5003,0.259,2.502,7.146,0.741,MIXED_MASTER_ONLY,166780
7.921,snare,high,0.95,5015,0.142,1.144,6.921,0.858,MIXED_MASTER_ONLY,167180
6.879,snare,high,0.95,5033,0.264,2.423,6.765,0.736,MIXED_MASTER_ONLY,167780
3.851,snare,high,0.87,5040,0.258,1.055,3.029,0.742,MIXED_MASTER_ONLY,167990
3.01,snare,high,0.95,5046,0.0,-0.175,3.31,1.0,MIXED_MASTER_ONLY,168190
7.754,snare,high,0.95,5051,0.212,2.269,8.418,0.788,MIXED_MASTER_ONLY,168380
6.621,snare,high,0.95,5063,0.146,1.026,6.022,0.854,MIXED_MASTER_ONLY,168780
4.457,snare,high,0.95,5069,0.159,0.874,4.638,0.841,MIXED_MASTER_ONLY,168980
2.488,snare,medium,0.829,5081,0.293,1.215,2.928,0.707,MIXED_MASTER_ONLY,169360
2.567,snare,high,0.95,5090,0.0,-0.68,3.291,1.0,MIXED_MASTER_ONLY,169670
3.022,snare,high,0.95,5108,0.0,-1.511,3.378,1.0,MIXED_MASTER_ONLY,170250
2.72,snare,medium,0.95,5138,0.0,-0.238,2.919,1.0,MIXED_MASTER_ONLY,171250
2.405,snare,high,0.95,5145,0.0,-0.071,3.477,1.0,MIXED_MASTER_ONLY,171490
2.462,snare,high,0.95,5151,0.09,0.39,3.925,0.91,MIXED_MASTER_ONLY,171700
2.948,snare,high,0.95,5170,0.0,-0.01,4.552,1.0,MIXED_MASTER_ONLY,172330
2.547,snare,high,0.95,5180,0.0,-0.018,3.483,1.0,MIXED_MASTER_ONLY,172650
3.625,snare,high,0.95,5187,0.0,-0.852,4.132,1.0,MIXED_MASTER_ONLY,172890
2.996,snare,high,0.95,5195,0.0,-0.422,4.053,1.0,MIXED_MASTER_ONLY,173180
2.857,snare,high,0.95,5222,0.198,0.818,3.323,0.802,MIXED_MASTER_ONLY,174050
2.497,snare,high,0.95,5225,0.0,-1.05,3.518,1.0,MIXED_MASTER_ONLY,174180
2.568,snare,high,0.95,5237,0.0,-0.469,4.249,1.0,MIXED_MASTER_ONLY,174580
2.678,snare,high,0.95,5273,0.0,-1.511,3.128,1.0,MIXED_MASTER_ONLY,175780
2.55,snare,high,0.85,5280,0.288,1.249,3.089,0.712,MIXED_MASTER_ONLY,176010
2.597,snare,medium,0.767,5315,0.317,1.166,2.515,0.683,MIXED_MASTER_ONLY,177180
3.363,snare,high,0.95,5319,0.161,0.766,3.988,0.839,MIXED_MASTER_ONLY,177300
2.723,snare,high,0.95,5328,0.012,0.039,3.206,0.988,MIXED_MASTER_ONLY,177590
3.092,snare,high,0.95,5339,0.056,0.248,4.169,0.944,MIXED_MASTER_ONLY,177980
3.063,snare,medium,0.858,5374,0.216,0.696,2.527,0.784,MIXED_MASTER_ONLY,179150
2.839,snare,high,0.95,5381,0.0,-1.264,4.821,1.0,MIXED_MASTER_ONLY,179370
3.085,snare,high,0.95,5386,0.048,0.18,3.554,0.952,MIXED_MASTER_ONLY,179530
3.029,snare,high,0.892,5406,0.253,1.087,3.201,0.747,MIXED_MASTER_ONLY,180200
2.693,snare,high,0.95,5411,0.0,-0.841,3.886,1.0,MIXED_MASTER_ONLY,180380
6.072,snare,high,0.95,5423,0.0,-0.24,5.871,1.0,MIXED_MASTER_ONLY,180760
5.37,snare,high,0.918,5447,0.353,2.377,4.357,0.647,MIXED_MASTER_ONLY,181560
5.139,snare,high,0.95,5453,0.224,1.598,5.541,0.776,MIXED_MASTER_ONLY,181770
2.92,snare,high,0.863,5458,0.298,1.408,3.315,0.702,MIXED_MASTER_ONLY,181930
3.235,snare,high,0.95,5464,0.0,-0.956,3.193,1.0,MIXED_MASTER_ONLY,182140
6.44,snare,high,0.95,5471,0.265,2.348,6.502,0.735,MIXED_MASTER_ONLY,182380
2.874,snare,high,0.95,5476,0.201,0.991,3.941,0.799,MIXED_MASTER_ONLY,182520
6.342,snare,high,0.95,5483,0.307,2.47,5.572,0.693,MIXED_MASTER_ONLY,182780
2.93,snare,high,0.95,5490,0.202,1.012,4.001,0.798,MIXED_MASTER_ONLY,182990
7.18,snare,high,0.95,5495,0.026,0.162,6.17,0.974,MIXED_MASTER_ONLY,183180
2.709,snare,high,0.95,5499,0.172,0.735,3.525,0.828,MIXED_MASTER_ONLY,183310
6.364,snare,high,0.95,5513,0.289,2.375,5.845,0.711,MIXED_MASTER_ONLY,183780
7.24,snare,high,0.95,5531,0.246,2.362,7.256,0.754,MIXED_MASTER_ONLY,184380
7.991,snare,high,0.95,5543,0.125,1.053,7.371,0.875,MIXED_MASTER_ONLY,184780
3.213,snare,medium,0.95,5552,0.155,0.547,2.984,0.845,MIXED_MASTER_ONLY,185070
6.227,snare,high,0.95,5567,0.218,1.837,6.603,0.782,MIXED_MASTER_ONLY,185580
4.083,snare,high,0.95,5573,0.186,1.318,5.767,0.814,MIXED_MASTER_ONLY,185770
6.232,snare,high,0.95,5579,0.275,2.311,6.107,0.725,MIXED_MASTER_ONLY,185980
7.096,snare,high,0.95,5591,0.124,0.85,6.005,0.876,MIXED_MASTER_ONLY,186380
3.338,kick,medium,0.841,5604,0.788,2.319,0.625,0.212,MIXED_MASTER_ONLY,186790
7.596,snare,high,0.95,5609,0.209,2.204,8.326,0.791,MIXED_MASTER_ONLY,186980
3.145,snare,high,0.95,5621,0.0,-0.185,4.213,1.0,MIXED_MASTER_ONLY,187380
7.539,snare,high,0.95,5627,0.214,2.175,7.968,0.786,MIXED_MASTER_ONLY,187580
7.386,snare,high,0.95,5639,0.155,1.151,6.263,0.845,MIXED_MASTER_ONLY,187980
4.343,snare,high,0.95,5646,0.0,-0.786,6.644,1.0,MIXED_MASTER_ONLY,188210
2.651,snare,high,0.898,5652,0.259,1.155,3.307,0.741,MIXED_MASTER_ONLY,188400
6.531,snare,high,0.95,5663,0.256,2.266,6.601,0.744,MIXED_MASTER_ONLY,188780
6.569,snare,high,0.95,5675,0.254,2.254,6.608,0.746,MIXED_MASTER_ONLY,189180
7.393,snare,high,0.95,5687,0.121,0.949,6.869,0.879,MIXED_MASTER_ONLY,189580
6.619,snare,high,0.95,5705,0.253,2.256,6.667,0.747,MIXED_MASTER_ONLY,190180
7.453,snare,high,0.95,5723,0.241,2.381,7.49,0.759,MIXED_MASTER_ONLY,190780
7.469,snare,high,0.95,5735,0.0,-0.585,6.47,1.0,MIXED_MASTER_ONLY,191180
2.916,snare,high,0.95,5753,0.013,0.043,3.259,0.987,MIXED_MASTER_ONLY,191760
6.346,snare,high,0.95,5759,0.25,2.193,6.575,0.75,MIXED_MASTER_ONLY,191980
6.619,snare,high,0.95,5771,0.286,2.504,6.258,0.714,MIXED_MASTER_ONLY,192380
7.106,snare,high,0.95,5783,0.088,0.559,5.78,0.912,MIXED_MASTER_ONLY,192780
3.124,kick,medium,0.823,5796,0.777,2.233,0.64,0.223,MIXED_MASTER_ONLY,193190
7.284,snare,high,0.95,5801,0.185,1.898,8.388,0.815,MIXED_MASTER_ONLY,193380
2.735,snare,high,0.95,5813,0.162,0.675,3.491,0.838,MIXED_MASTER_ONLY,193780
6.388,snare,high,0.95,5819,0.183,1.637,7.317,0.817,MIXED_MASTER_ONLY,193980
7.085,snare,high,0.95,5831,0.0,-0.575,6.496,1.0,MIXED_MASTER_ONLY,194380
4.128,snare,high,0.95,5837,0.223,1.251,4.351,0.777,MIXED_MASTER_ONLY,194580
6.834,snare,high,0.95,5855,0.264,2.424,6.743,0.736,MIXED_MASTER_ONLY,195180
6.433,snare,high,0.95,5867,0.262,2.242,6.32,0.738,MIXED_MASTER_ONLY,195580
7.316,snare,high,0.95,5879,0.099,0.696,6.344,0.901,MIXED_MASTER_ONLY,195980
2.807,snare,high,0.919,5888,0.274,1.383,3.658,0.726,MIXED_MASTER_ONLY,196260
6.391,snare,high,0.95,5897,0.283,2.365,6.004,0.717,MIXED_MASTER_ONLY,196580
7.055,snare,high,0.95,5915,0.248,2.309,7.018,0.752,MIXED_MASTER_ONLY,197180
8.059,snare,high,0.95,5927,0.104,0.879,7.553,0.896,MIXED_MASTER_ONLY,197580
2.978,snare,high,0.95,5936,0.168,0.747,3.704,0.832,MIXED_MASTER_ONLY,197880
6.003,snare,high,0.95,5951,0.254,2.051,6.023,0.746,MIXED_MASTER_ONLY,198380
3.353,snare,high,0.95,5956,0.0,-1.063,5.778,1.0,MIXED_MASTER_ONLY,198520
6.517,snare,high,0.95,5963,0.277,2.358,6.161,0.723,MIXED_MASTER_ONLY,198780
7.178,snare,high,0.95,5975,0.063,0.393,5.883,0.937,MIXED_MASTER_ONLY,199180
3.747,snare,high,0.95,5983,0.163,1.083,5.552,0.837,MIXED_MASTER_ONLY,199420
2.961,snare,high,0.834,5987,0.314,1.451,3.167,0.686,MIXED_MASTER_ONLY,199580
8.272,snare,high,0.95,5993,0.211,2.416,9.028,0.789,MIXED_MASTER_ONLY,199780
3.035,snare,high,0.95,6005,0.011,0.044,4.017,0.989,MIXED_MASTER_ONLY,200180
7.576,snare,high,0.95,6011,0.208,2.116,8.074,0.792,MIXED_MASTER_ONLY,200380
7.841,snare,high,0.95,6023,0.146,1.196,6.995,0.854,MIXED_MASTER_ONLY,200780
2.837,snare,high,0.95,6033,0.0,-0.198,4.775,1.0,MIXED_MASTER_ONLY,201110
6.329,snare,high,0.95,6047,0.259,2.185,6.265,0.741,MIXED_MASTER_ONLY,201580
6.307,snare,high,0.95,6059,0.213,1.89,6.974,0.787,MIXED_MASTER_ONLY,201980
7.444,snare,high,0.95,6071,0.099,0.758,6.88,0.901,MIXED_MASTER_ONLY,202380
2.608,snare,high,0.95,6083,0.109,0.427,3.483,0.891,MIXED_MASTER_ONLY,202780
6.184,snare,high,0.95,6089,0.242,2.169,6.804,0.758,MIXED_MASTER_ONLY,202980
6.995,snare,high,0.95,6107,0.228,2.251,7.641,0.772,MIXED_MASTER_ONLY,203580
8.278,snare,high,0.95,6119,0.08,0.678,7.787,0.92,MIXED_MASTER_ONLY,203980
7.757,snare,high,0.95,6143,0.192,1.527,6.425,0.808,MIXED_MASTER_ONLY,204780
2.519,snare,high,0.95,6147,0.103,0.436,3.78,0.897,MIXED_MASTER_ONLY,204910
2.442,kick,medium,0.639,6160,0.637,1.658,0.945,0.363,MIXED_MASTER_ONLY,205350
3.31,snare,high,0.95,6167,0.0,-0.978,4.915,1.0,MIXED_MASTER_ONLY,205570
8.334,snare,high,0.95,6179,0.203,1.963,7.692,0.797,MIXED_MASTER_ONLY,205980
5.707,snare,high,0.95,6185,0.082,0.707,7.908,0.918,MIXED_MASTER_ONLY,206180
2.728,snare,high,0.95,6197,0.009,0.033,3.475,0.991,MIXED_MASTER_ONLY,206580
8.647,snare,high,0.95,6203,0.171,1.765,8.536,0.829,MIXED_MASTER_ONLY,206780
8.084,snare,high,0.95,6215,0.213,2.017,7.436,0.787,MIXED_MASTER_ONLY,207180
4.993,snare,high,0.95,6221,0.136,0.829,5.261,0.864,MIXED_MASTER_ONLY,207380
2.402,kick,medium,0.683,6226,0.653,1.952,1.035,0.347,MIXED_MASTER_ONLY,207540
