candidate_id,name,path,TYPE,MUSIC_READY,VOCALS_READY,LYRICS_READY,MIX_MASTER_READY,REVISION_REQUIRED,LIVE_READY,PRIORITY,NEXT_ACTION,ACTION_OWNER
cat2_dff77f896868c6a5,Abhi Mujhme Kahin,Abhi Mujhme Kahin,UNKNOWN,YES,YES,UNKNOWN,UNKNOWN,UNKNOWN,UNKNOWN,UNKNOWN,UNKNOWN,UNKNOWN
cat2_4f90946f01f9c8b6,Agar Ho Tum,Agar Ho Tum,UNKNOWN,YES,YES,UNKNOWN,UNKNOWN,UNKNOWN,UNKNOWN,UNKNOWN,UNKNOWN,UNKNOWN
cat2_79290af7b58ddb34,Apna bana le,Apna bana le,UNKNOWN,YES,YES,UNKNOWN,UNKNOWN,UNKNOWN,UNKNOWN,UNKNOWN,UNKNOWN,UNKNOWN
cat2_88801f0acb7cfd7f,Baarish - Half girlfriend,Baarish - Half girlfriend,UNKNOWN,YES,YES,UNKNOWN,UNKNOWN,UNKNOWN,UNKNOWN,UNKNOWN,UNKNOWN,UNKNOWN
cat2_b8bfe2f530324a99,Bekhayali,Bekhayali,UNKNOWN,YES,YES,UNKNOWN,UNKNOWN,UNKNOWN,UNKNOWN,UNKNOWN,UNKNOWN,UNKNOWN
cat2_0ff14234a5b7d399,DHUN,DHUN,UNKNOWN,YES,YES,UNKNOWN,UNKNOWN,UNKNOWN,UNKNOWN,UNKNOWN,UNKNOWN,UNKNOWN
cat2_2390ca74cbb0727e,Ek Mulaqat,Ek Mulaqat,UNKNOWN,YES,YES,UNKNOWN,UNKNOWN,UNKNOWN,UNKNOWN,UNKNOWN,UNKNOWN,UNKNOWN
cat2_d2160dfdd0ebaa5b,Gehra Hua,Gehra Hua,UNKNOWN,YES,YES,UNKNOWN,UNKNOWN,UNKNOWN,UNKNOWN,UNKNOWN,UNKNOWN,UNKNOWN
cat2_5a750b7f5d14f375,Ghar Kab Aaoge,Ghar Kab Aaoge,UNKNOWN,YES,YES,UNKNOWN,UNKNOWN,UNKNOWN,UNKNOWN,UNKNOWN,UNKNOWN,UNKNOWN
cat2_9f471552913e7785,Hua Mein,Hua Mein,UNKNOWN,YES,YES,UNKNOWN,UNKNOWN,UNKNOWN,UNKNOWN,UNKNOWN,UNKNOWN,UNKNOWN
cat2_8226399e711d0a9e,Jaanam,Jaanam,UNKNOWN,YES,YES,UNKNOWN,UNKNOWN,UNKNOWN,UNKNOWN,UNKNOWN,UNKNOWN,UNKNOWN
cat2_19e92cf29661d9ff,Jaate hue lamhon,Jaate hue lamhon,UNKNOWN,YES,YES,UNKNOWN,UNKNOWN,UNKNOWN,UNKNOWN,UNKNOWN,UNKNOWN,UNKNOWN
cat2_9c703ca993d3bd73,Jee Le Zara,Jee Le Zara,UNKNOWN,YES,YES,UNKNOWN,UNKNOWN,UNKNOWN,UNKNOWN,UNKNOWN,UNKNOWN,UNKNOWN
cat2_dfa717181359d1ff,Jenna Sikha De,Jenna Sikha De,UNKNOWN,YES,YES,UNKNOWN,UNKNOWN,UNKNOWN,UNKNOWN,UNKNOWN,UNKNOWN,UNKNOWN
cat2_2fe20d4c7721b634,Kahani Suno,Kahani Suno,UNKNOWN,YES,YES,UNKNOWN,UNKNOWN,UNKNOWN,UNKNOWN,UNKNOWN,UNKNOWN,UNKNOWN
cat2_a2a636a02c99c082,Kalank,Kalank,UNKNOWN,YES,YES,UNKNOWN,UNKNOWN,UNKNOWN,UNKNOWN,UNKNOWN,UNKNOWN,UNKNOWN
cat2_c880f769b3999d0b,Kesariya,Kesariya,UNKNOWN,YES,YES,UNKNOWN,UNKNOWN,UNKNOWN,UNKNOWN,UNKNOWN,UNKNOWN,UNKNOWN
cat2_f07c6976c30a8456,Khairiyat,Khairiyat,UNKNOWN,YES,YES,UNKNOWN,UNKNOWN,UNKNOWN,UNKNOWN,UNKNOWN,UNKNOWN,UNKNOWN
cat2_b642a520783d1ddc,Khoobsurat,Khoobsurat,UNKNOWN,YES,YES,UNKNOWN,UNKNOWN,UNKNOWN,UNKNOWN,UNKNOWN,UNKNOWN,UNKNOWN
cat2_091f4fce6f889c00,Mere Mehboob,Mere Mehboob,UNKNOWN,YES,YES,UNKNOWN,UNKNOWN,UNKNOWN,UNKNOWN,UNKNOWN,UNKNOWN,UNKNOWN
cat2_35549f8c6f426681,O Maahi,O Maahi,UNKNOWN,YES,YES,UNKNOWN,UNKNOWN,UNKNOWN,UNKNOWN,UNKNOWN,UNKNOWN,UNKNOWN
cat2_34c4090bdc6b70b0,Pehle Bhi Main,Pehle Bhi Main,UNKNOWN,YES,YES,UNKNOWN,UNKNOWN,UNKNOWN,UNKNOWN,UNKNOWN,UNKNOWN,UNKNOWN
cat2_ce207aedcec807c8,Phil Moh,Phil Moh,UNKNOWN,YES,YES,UNKNOWN,UNKNOWN,UNKNOWN,UNKNOWN,UNKNOWN,UNKNOWN,UNKNOWN
cat2_dd9806cb61943182,Qayde Se,Qayde Se,UNKNOWN,YES,YES,UNKNOWN,UNKNOWN,UNKNOWN,UNKNOWN,UNKNOWN,UNKNOWN,UNKNOWN
cat2_8259ba7267e4e89a,Ranjhaan,Ranjhaan,UNKNOWN,YES,YES,UNKNOWN,UNKNOWN,UNKNOWN,UNKNOWN,UNKNOWN,UNKNOWN,UNKNOWN
cat2_2e57fd59f550db5e,Saari Duniya,Saari Duniya,UNKNOWN,YES,YES,UNKNOWN,UNKNOWN,UNKNOWN,UNKNOWN,UNKNOWN,UNKNOWN,UNKNOWN
cat2_093ac13865586a20,Saiyaara,Saiyaara,UNKNOWN,YES,YES,UNKNOWN,UNKNOWN,UNKNOWN,UNKNOWN,UNKNOWN,UNKNOWN,UNKNOWN
cat2_28cbe448ddf09936,Satranga,Satranga,UNKNOWN,YES,YES,UNKNOWN,UNKNOWN,UNKNOWN,UNKNOWN,UNKNOWN,UNKNOWN,UNKNOWN
cat2_f7697ee3c3bb86a6,Ae Dil Hai Mushkil,Songs voor 2022/Ae Dil Hai Mushkil,UNKNOWN,YES,YES,UNKNOWN,UNKNOWN,UNKNOWN,UNKNOWN,UNKNOWN,UNKNOWN,UNKNOWN
cat2_e64844bc7095d5c1,Chunar,Songs voor 2022/Chunar,UNKNOWN,YES,YES,UNKNOWN,UNKNOWN,UNKNOWN,UNKNOWN,UNKNOWN,UNKNOWN,UNKNOWN
cat2_eb056311e6761841,Mein Tenu,Songs voor 2022/Mein Tenu,UNKNOWN,YES,YES,UNKNOWN,UNKNOWN,UNKNOWN,UNKNOWN,UNKNOWN,UNKNOWN,UNKNOWN
cat2_d504d8e4f57b8a77,Surili Akhiyon,Songs voor 2022/Surili Akhiyon,UNKNOWN,YES,YES,UNKNOWN,UNKNOWN,UNKNOWN,UNKNOWN,UNKNOWN,UNKNOWN,UNKNOWN
cat2_11f221664e7b149a,Tere Sang Yara,Songs voor 2022/Tere Sang Yara,UNKNOWN,YES,YES,UNKNOWN,UNKNOWN,UNKNOWN,UNKNOWN,UNKNOWN,UNKNOWN,UNKNOWN
cat2_008a538f6f9b4553,Tere Sang Ishq ,Tere Sang Ishq ,UNKNOWN,YES,YES,UNKNOWN,UNKNOWN,UNKNOWN,UNKNOWN,UNKNOWN,UNKNOWN,UNKNOWN
cat2_360cae7d26003f10,Tujhe kitna G-70,Tujhe kitna G-70,UNKNOWN,YES,YES,UNKNOWN,UNKNOWN,UNKNOWN,UNKNOWN,UNKNOWN,UNKNOWN,UNKNOWN
cat2_58267979d8b6ad17,Tum Kya Mile,Tum Kya Mile,UNKNOWN,YES,YES,UNKNOWN,UNKNOWN,UNKNOWN,UNKNOWN,UNKNOWN,UNKNOWN,UNKNOWN
